USE "dmaj0919_1081496";

SET DATEFORMAT mdy;

INSERT INTO ZipCity VALUES 
('9000', 'DK', 'Aalborg'),
('9440', 'DK', 'Aabybro'),
('81', 'PL', 'Gdynia'),
('25', 'PL', 'Kielce'),
('03401', 'SK', 'Ružomberok'),
('9220', 'DK', 'Aalborg Øst'),
('9270', 'DK', 'Klarup'),
('9230', 'DK', 'Svenstrup J'),
('510001', 'RO', 'Bărăbanţ'),
('510002', 'RO', 'Alba Iulia'),
('510003', 'RO', 'Oarda'),
('510004', 'RO', 'Pâclişa'),
('510005', 'RO', 'Alba Iulia'),
('517465', 'RO', 'Mihalţ'),
('517466', 'RO', 'Cistei'),
('517467', 'RO', 'Obreja'),
('517468', 'RO', 'Zărieş'),
('517470', 'RO', 'Mirăslău'),
('517471', 'RO', 'Cicău'),
('517472', 'RO', 'Decea'),
('517473', 'RO', 'Lopadea Veche'),
('517474', 'RO', 'Ormeniş'),
('517476', 'RO', 'Rachiş'),
('517480', 'RO', 'Mogoş'),
('517481', 'RO', 'Bărbeşti'),
('110172', 'RO', 'Piteşti'),
('110173', 'RO', 'Piteşti'),
('110174', 'RO', 'Piteşti'),
('110175', 'RO', 'Piteşti'),
('410095', 'RO', 'Oradea'),
('410096', 'RO', 'Oradea'),
('410097', 'RO', 'Oradea'),
('500173', 'RO', 'Braşov'),
('500174', 'RO', 'Braşov'),
('500177', 'RO', 'Braşov'),
('31722', 'RO', 'Bucureşti 77'),
('31723', 'RO', 'Bucureşti 77'),
('31724', 'RO', 'Bucureşti 77'),
('31725', 'RO', 'Bucureşti 77'),
('31726', 'RO', 'Bucureşti 77'),
('31731', 'RO', 'Bucureşti 77'),
('327136', 'RO', 'Negiudin'),
('327137', 'RO', 'Obiţa'),
('327138', 'RO', 'Pogara'),
('327139', 'RO', 'Pogara de Sus'),
('327141', 'RO', 'Poiana Lungă'),
('327142', 'RO', 'Prisacina'),
('327148', 'RO', 'Studena'),
('327149', 'RO', 'Sub Crâng'),
('327151', 'RO', 'Sub Plai'),
('327152', 'RO', 'Topla'),
('327153', 'RO', 'Ţaţu'),
('327154', 'RO', 'Zănogi'),
('327156', 'RO', 'Zbegu'),
('327157', 'RO', 'Zmogotin'),
('327158', 'RO', 'Zoina'),
('327160', 'RO', 'Coronini'),
('327161', 'RO', 'Sfânta Elena'),
('327165', 'RO', 'Dalboşeţ'),
('327166', 'RO', 'Bârz'),
('327167', 'RO', 'Boina'),
('327168', 'RO', 'Boiniţa'),
('217345', 'RO', 'Plopşoru'),
('217346', 'RO', 'Broşteni'),
('217347', 'RO', 'Broştenii de Sus'),
('217348', 'RO', 'Ceplea'),
('217349', 'RO', 'Cursaru'),
('217351', 'RO', 'Deleni'),
('217352', 'RO', 'Izvoarele'),
('217353', 'RO', 'Olari'),
('217354', 'RO', 'Piscuri'),
('217356', 'RO', 'Sărdăneşti'),
('217357', 'RO', 'Văleni'),
('217365', 'RO', 'Polovragi'),
('217366', 'RO', 'Racoviţa'),
('217370', 'RO', 'Prigoria'),
('217371', 'RO', 'Bucşana'),
('217372', 'RO', 'Burlani'),
('217373', 'RO', 'Călugăreasa'),
('217374', 'RO', 'Dobrana'),
('217376', 'RO', 'Negoieşti'),
('217377', 'RO', 'Zorleşti'),
('217380', 'RO', 'Roşia de Amaradia'),
('217381', 'RO', 'Becheni'),
('217382', 'RO', 'Dealu Viei'),
('217383', 'RO', 'Ruget'),
('217384', 'RO', 'Seciurile'),
('217386', 'RO', 'Stejaru'),
('217387', 'RO', 'Şitoaia'),
('217390', 'RO', 'Runcu'),
('217391', 'RO', 'Bâlta'),
('217392', 'RO', 'Bâltişoara'),
('220093', 'RO', 'Drobeta-Turnu Severin'),
('220094', 'RO', 'Drobeta-Turnu Severin'),
('220097', 'RO', 'Drobeta-Turnu Severin'),
('220098', 'RO', 'Drobeta-Turnu Severin'),
('227171', 'RO', 'Baia Nouă'),
('227172', 'RO', 'Eibenthal'),
('227175', 'RO', 'Dumbrava'),
('227176', 'RO', 'Albuleşti'),
('227177', 'RO', 'Brâgleasa'),
('227178', 'RO', 'Dumbrava de Jos'),
('227179', 'RO', 'Dumbrava de Mijloc'),
('227181', 'RO', 'Dumbrava de Sus'),
('227182', 'RO', 'Golineasa'),
('227183', 'RO', 'Higiu'),
('227184', 'RO', 'Rocşoreni'),
('227186', 'RO', 'Valea Marcului'),
('227187', 'RO', 'Varodia'),
('227188', 'RO', 'Vlădica'),
('227195', 'RO', 'Eşelniţa'),
('227200', 'RO', 'Floreşti'),
('227201', 'RO', 'Copăcioasa'),
('227202', 'RO', 'Gârdoaia'),
('227203', 'RO', 'Livezi'),
('227204', 'RO', 'Moşneni'),
('227206', 'RO', 'Peşteana'),
('227207', 'RO', 'Peştenuţa'),
('227208', 'RO', 'Stroeşti'),
('227209', 'RO', 'Zegujani'),
('227210', 'RO', 'Gârla Mare'),
('227211', 'RO', 'Vrata'),
('227215', 'RO', 'Godeanu'),
('227216', 'RO', 'Marga'),
('227217', 'RO', 'Păuneşti'),
('227218', 'RO', 'Şiroca'),
('227220', 'RO', 'Gogoşu'),
('227221', 'RO', 'Balta Verde'),
('227222', 'RO', 'Burila Mică'),
('227223', 'RO', 'Ostrovu Mare'),
('227225', 'RO', 'Greci'),
('547019', 'RO', 'Dâmbău'),
('547021', 'RO', 'Herepea'),
('547025', 'RO', 'Albeşti'),
('547026', 'RO', 'Bârlibăşoaia'),
('547027', 'RO', 'Boiu'),
('547028', 'RO', 'Jacu'),
('547029', 'RO', 'Şapartoc'),
('547031', 'RO', 'Ţopa'),
('547032', 'RO', 'Valea Albeştiului'),
('547033', 'RO', 'Valea Dăii'),
('547034', 'RO', 'Valea Şapartocului'),
('547035', 'RO', 'Aluniş'),
('547036', 'RO', 'Fiţcău'),
('547037', 'RO', 'Lunca Mureşului'),
('547040', 'RO', 'Apold'),
('547042', 'RO', 'Şaeş'),
('547043', 'RO', 'Vulcan'),
('547045', 'RO', 'Aţintiş'),
('547046', 'RO', 'Botez'),
('547047', 'RO', 'Cecălaca'),
('547048', 'RO', 'Iştihaza'),
('547049', 'RO', 'Maldaoci'),
('547051', 'RO', 'Sâniacob'),
('547055', 'RO', 'Bahnea'),
('547056', 'RO', 'Bernadea'),
('547057', 'RO', 'Cund'),
('547059', 'RO', 'Gogan'),
('547061', 'RO', 'Idiciu'),
('547062', 'RO', 'Lepindea'),
('547065', 'RO', 'Band'),
('547066', 'RO', 'Drăculea Bandului'),
('617348', 'RO', 'Roşeni'),
('617361', 'RO', 'Bunghi'),
('617362', 'RO', 'Ciurea'),
('617363', 'RO', 'Holm'),
('617364', 'RO', 'Patricheni'),
('617366', 'RO', 'Pânceşti'),
('617367', 'RO', 'Săcăleni'),
('617368', 'RO', 'Tălpălăi'),
('617370', 'RO', 'Răuceşti'),
('617371', 'RO', 'Oglinzi'),
('617372', 'RO', 'Săveşti'),
('617373', 'RO', 'Ungheni'),
('617375', 'RO', 'Războieni'),
('617376', 'RO', 'Borşeni'),
('617377', 'RO', 'Războienii de Jos'),
('617378', 'RO', 'Valea Albă'),
('617379', 'RO', 'Valea Mare'),
('617380', 'RO', 'Rediu'),
('617381', 'RO', 'Beţeşti'),
('617492', 'RO', 'Plugari'),
('617495', 'RO', 'Valea Ursului'),
('617496', 'RO', 'Bucium'),
('617497', 'RO', 'Chilii'),
('617498', 'RO', 'Giurgeni'),
('617499', 'RO', 'Muncelu de Jos'),
('617500', 'RO', 'Vânători-Neamţ'),
('617502', 'RO', 'Mânăstirea Neamţ'),
('617503', 'RO', 'Nemţişor'),
('617505', 'RO', 'Alexandru cel Bun'),
('617506', 'RO', 'Agârcia'),
('617507', 'RO', 'Bisericani'),
('617508', 'RO', 'Bistriţa'),
('617509', 'RO', 'Scăricica'),
('617511', 'RO', 'Vaduri'),
('617513', 'RO', 'Viişoara'),
('617515', 'RO', 'Zăneşti'),
('230002', 'RO', 'Slatina'),
('230003', 'RO', 'Slatina'),
('230004', 'RO', 'Slatina'),
('230005', 'RO', 'Slatina'),
('230007', 'RO', 'Slatina'),
('230008', 'RO', 'Slatina'),
('237358', 'RO', 'Trufineşti'),
('237359', 'RO', 'Valea Merilor'),
('237360', 'RO', 'Priseaca'),
('237361', 'RO', 'Buiceşti'),
('237362', 'RO', 'Săltăneşti'),
('237365', 'RO', 'Radomireşti'),
('237366', 'RO', 'Călineşti'),
('237367', 'RO', 'Crăciunei'),
('237368', 'RO', 'Poiana'),
('237370', 'RO', 'Redea'),
('237371', 'RO', 'Redişoara'),
('237372', 'RO', 'Valea Soarelui'),
('237375', 'RO', 'Rotunda'),
('237380', 'RO', 'Rusăneşti'),
('237381', 'RO', 'Jieni'),
('237385', 'RO', 'Sâmbureşti'),
('237386', 'RO', 'Cerbeni'),
('237387', 'RO', 'Ioniceşti'),
('237388', 'RO', 'Lăunele'),
('237389', 'RO', 'Mănuleşti'),
('237396', 'RO', 'Plăviceni'),
('237397', 'RO', 'Rudari'),
('237400', 'RO', 'Schitu'),
('237401', 'RO', 'Catanele'),
('237403', 'RO', 'Lisa'),
('237404', 'RO', 'Moşteni'),
('237405', 'RO', 'Seaca'),
('237410', 'RO', 'Slătioara'),
('237411', 'RO', 'Salcia'),
('237415', 'RO', 'Spineni'),
('237416', 'RO', 'Alunişu'),
('237417', 'RO', 'Cuza Vodă'),
('237418', 'RO', 'Davideşti'),
('237419', 'RO', 'Optăşani'),
('107027', 'RO', 'Nedelea'),
('107028', 'RO', 'Stoeneşti'),
('107029', 'RO', 'Târgşoru Nou'),
('107030', 'RO', 'Ariceştii Zeletin'),
('107031', 'RO', 'Albinari'),
('107035', 'RO', 'Baba Ana'),
('107036', 'RO', 'Cireşanu'),
('107037', 'RO', 'Conduratu'),
('107038', 'RO', 'Crângurile'),
('107040', 'RO', 'Balta Doamnei'),
('107041', 'RO', 'Bâra'),
('107042', 'RO', 'Curcubeu'),
('107043', 'RO', 'Lacu Turcului'),
('107045', 'RO', 'Bălţeşti'),
('107046', 'RO', 'Izeşti'),
('107047', 'RO', 'Podenii Vechi'),
('107050', 'RO', 'Băneşti'),
('107051', 'RO', 'Urleta'),
('107055', 'RO', 'Bărcăneşti'),
('107056', 'RO', 'Ghighiu'),
('107057', 'RO', 'Puşcaşi'),
('107058', 'RO', 'Româneşti'),
('107059', 'RO', 'Tătărani'),
('107060', 'RO', 'Berceni'),
('107113', 'RO', 'Pleaşa'),
('107114', 'RO', 'Valea Orlei'),
('107115', 'RO', 'Călugăreni'),
('107116', 'RO', 'Valea Scheilor'),
('107120', 'RO', 'Cărbuneşti'),
('107121', 'RO', 'Gogeasca'),
('107125', 'RO', 'Ceptura'),
('107126', 'RO', 'Ceptura de Jos'),
('107127', 'RO', 'Malu Roşu'),
('107128', 'RO', 'Rotari'),
('107129', 'RO', 'Şoimeşti'),
('107130', 'RO', 'Ceptura de Sus'),
('107140', 'RO', 'Ceraşu'),
('107141', 'RO', 'Slon'),
('107142', 'RO', 'Valea Borului'),
('107143', 'RO', 'Valea Brădetului'),
('107144', 'RO', 'Valea Lespezii'),
('107146', 'RO', 'Valea Tocii'),
('107150', 'RO', 'Chiojdeanca'),
('107436', 'RO', 'Poienarii Vechi'),
('107437', 'RO', 'Poienarii-Rali'),
('107438', 'RO', 'Tătărăi'),
('107440', 'RO', 'Poseşti'),
('107441', 'RO', 'Bodeşti'),
('107442', 'RO', 'Merdeala'),
('107443', 'RO', 'Nucşoara de Jos'),
('107444', 'RO', 'Nucşoara de Sus'),
('107446', 'RO', 'Poseştii-Pământeni'),
('107447', 'RO', 'Poseştii-Ungureni'),
('107448', 'RO', 'Târleşti'),
('107449', 'RO', 'Valea Plopului'),
('107451', 'RO', 'Valea Screzii'),
('107452', 'RO', 'Valea Stupinii'),
('107460', 'RO', 'Predeal-Sărari'),
('107461', 'RO', 'Bobiceşti'),
('107462', 'RO', 'Poienile'),
('107463', 'RO', 'Predeal'),
('107464', 'RO', 'Sărari'),
('107466', 'RO', 'Sărăţel'),
('107467', 'RO', 'Tulburea'),
('107468', 'RO', 'Tulburea-Văleni'),
('107469', 'RO', 'Vitioara de Sus'),
('107471', 'RO', 'Zâmbroaia'),
('107475', 'RO', 'Proviţa de Jos'),
('107476', 'RO', 'Drăgăneasa'),
('107480', 'RO', 'Proviţa de Sus'),
('107481', 'RO', 'Izvoru'),
('107483', 'RO', 'Valea Bradului'),
('107485', 'RO', 'Puchenii Mari'),
('107486', 'RO', 'Miroslăveşti'),
('107487', 'RO', 'Moara'),
('107488', 'RO', 'Odăile'),
('107489', 'RO', 'Pietroşani'),
('107491', 'RO', 'Puchenii Mici'),
('107492', 'RO', 'Puchenii-Moşneni'),
('457293', 'RO', 'Hăşmaş'),
('457294', 'RO', 'Şimişna'),
('457295', 'RO', 'Sălăţig'),
('457296', 'RO', 'Bulgari'),
('457297', 'RO', 'Deja'),
('457298', 'RO', 'Mineu'),
('457299', 'RO', 'Noţig'),
('457300', 'RO', 'Sâg'),
('457301', 'RO', 'Fizeş'),
('457302', 'RO', 'Mal'),
('457303', 'RO', 'Sârbi'),
('457304', 'RO', 'Tusa'),
('457305', 'RO', 'Sânmihaiu Almaşului'),
('457306', 'RO', 'Bercea'),
('457307', 'RO', 'Sântă Măria'),
('457310', 'RO', 'Someş-Odorhei'),
('457311', 'RO', 'Bârsa'),
('457312', 'RO', 'Domnin'),
('457313', 'RO', 'Inău'),
('457314', 'RO', 'Şoimuş'),
('457315', 'RO', 'Surduc'),
('457316', 'RO', 'Brâglez'),
('457317', 'RO', 'Cristolţel'),
('457318', 'RO', 'Solona'),
('457319', 'RO', 'Teştioara'),
('457321', 'RO', 'Tihău'),
('457322', 'RO', 'Turbuţa'),
('457325', 'RO', 'Şamşud'),
('457326', 'RO', 'Valea Pomilor'),
('457330', 'RO', 'Şărmăşag'),
('457331', 'RO', 'Ilişua'),
('457332', 'RO', 'Lompirt'),
('457333', 'RO', 'Moiad'),
('447341', 'RO', 'Urziceni-Pădure'),
('447345', 'RO', 'Valea Vinului'),
('447346', 'RO', 'Măriuş'),
('447347', 'RO', 'Roşiori'),
('447348', 'RO', 'Sâi'),
('447350', 'RO', 'Vama'),
('447355', 'RO', 'Vetiş'),
('447356', 'RO', 'Decebal'),
('447357', 'RO', 'Oar'),
('447360', 'RO', 'Viile Satu Mare'),
('447361', 'RO', 'Cioncheşti'),
('447362', 'RO', 'Medişa'),
('447363', 'RO', 'Tătăreşti'),
('447364', 'RO', 'Tireac'),
('550001', 'RO', 'Păltiniş'),
('550003', 'RO', 'Sibiu'),
('550004', 'RO', 'Sibiu'),
('550005', 'RO', 'Sibiu'),
('550006', 'RO', 'Sibiu'),
('147397', 'RO', 'Slăveşti'),
('147400', 'RO', 'Tătărăştii de Sus'),
('147401', 'RO', 'Dobreni'),
('147402', 'RO', 'Udupu'),
('147405', 'RO', 'Traian'),
('147410', 'RO', 'Trivalea-Moşteni'),
('147411', 'RO', 'Brătăşani'),
('147412', 'RO', 'Deparaţi'),
('147415', 'RO', 'Troianul'),
('147416', 'RO', 'Dulceni'),
('147417', 'RO', 'Vatra'),
('147420', 'RO', 'Ţigăneşti'),
('147425', 'RO', 'Vârtoape'),
('147426', 'RO', 'Gărăgău'),
('147427', 'RO', 'Vârtoapele de Jos'),
('147428', 'RO', 'Vârtoapele de Sus'),
('147430', 'RO', 'Vedea'),
('147431', 'RO', 'Albeşti'),
('147432', 'RO', 'Coşoteni'),
('147433', 'RO', 'Dulceanca'),
('147434', 'RO', 'Meri'),
('147435', 'RO', 'Viişoara'),
('147440', 'RO', 'Vităneşti'),
('820100', 'RO', 'Tulcea'),
('820101', 'RO', 'Tulcea'),
('820103', 'RO', 'Tulcea'),
('820106', 'RO', 'Tulcea'),
('820107', 'RO', 'Tulcea'),
('820108', 'RO', 'Tulcea'),
('820109', 'RO', 'Tulcea'),
('247525', 'RO', 'Prundeni'),
('247526', 'RO', 'Bărbuceni'),
('247527', 'RO', 'Călina'),
('247528', 'RO', 'Zăvideni'),
('247530', 'RO', 'Racoviţa'),
('247531', 'RO', 'Balota'),
('247532', 'RO', 'Blănoiu'),
('247533', 'RO', 'Bradu-Clocotici'),
('247537', 'RO', 'Tuţuleşti'),
('247540', 'RO', 'Roeşti'),
('247541', 'RO', 'Băiaşa'),
('247542', 'RO', 'Băjenari'),
('247543', 'RO', 'Bărbărigeni'),
('247544', 'RO', 'Ciocâltei'),
('247546', 'RO', 'Cueni'),
('247547', 'RO', 'Frasina'),
('247548', 'RO', 'Piscu Scoarţei'),
('247549', 'RO', 'Râpa Cărămizii'),
('247551', 'RO', 'Saioci'),
('247555', 'RO', 'Roşiile'),
('247556', 'RO', 'Balaciu'),
('247557', 'RO', 'Cherăşti'),
('247558', 'RO', 'Hotăroaia'),
('247559', 'RO', 'Lupuieşti'),
('247561', 'RO', 'Păsărei'),
('247562', 'RO', 'Perteşti'),
('247563', 'RO', 'Pleşeşti'),
('247564', 'RO', 'Răţăleşti'),
('247566', 'RO', 'Romaneşti'),
('247567', 'RO', 'Zgubea'),
('247575', 'RO', 'Runcu'),
('247576', 'RO', 'Căligi'),
('910071', 'RO', 'Călăraşi'),
('910077', 'RO', 'Călăraşi'),
('910078', 'RO', 'Călăraşi'),
('910079', 'RO', 'Călăraşi'),
('910080', 'RO', 'Călăraşi'),
('910081', 'RO', 'Călăraşi'),
('910085', 'RO', 'Călăraşi'),
('910086', 'RO', 'Călăraşi'),
('910087', 'RO', 'Călăraşi'),
('910088', 'RO', 'Călăraşi'),
('910089', 'RO', 'Călăraşi'),
('1050', 'DK', 'København K'),
('1051', 'DK', 'København K'),
('1052', 'DK', 'København K'),
('1053', 'DK', 'København K'),
('1054', 'DK', 'København K'),
('1055', 'DK', 'København K'),
('1056', 'DK', 'København K'),
('1057', 'DK', 'København K'),
('1058', 'DK', 'København K'),
('1861', 'DK', 'Frederiksberg C'),
('1862', 'DK', 'Frederiksberg C'),
('1863', 'DK', 'Frederiksberg C'),
('1864', 'DK', 'Frederiksberg C'),
('1865', 'DK', 'Frederiksberg C'),
('1866', 'DK', 'Frederiksberg C'),
('1867', 'DK', 'Frederiksberg C'),
('1868', 'DK', 'Frederiksberg C'),
('1967', 'DK', 'Frederiksberg C'),
('1970', 'DK', 'Frederiksberg C'),
('1971', 'DK', 'Frederiksberg C'),
('1972', 'DK', 'Frederiksberg C'),
('1973', 'DK', 'Frederiksberg C'),
('1974', 'DK', 'Frederiksberg C'),
('2000', 'DK', 'Frederiksberg'),
('2100', 'DK', 'København Ø'),
('2150', 'DK', 'Nordhavn'),
('2200', 'DK', 'København N'),
('2300', 'DK', 'København S'),
('2400', 'DK', 'København NV'),
('2450', 'DK', 'København SV'),
('2500', 'DK', 'Valby'),
('2600', 'DK', 'Glostrup'),
('2605', 'DK', 'Brøndby'),
('2610', 'DK', 'Rødovre'),
('2620', 'DK', 'Albertslund'),
('2630', 'DK', 'Taastrup'),
('2635', 'DK', 'Ishøj'),
('2640', 'DK', 'Hedehusene'),
('2650', 'DK', 'Hvidovre'),
('2660', 'DK', 'Brøndby Strand'),
('2665', 'DK', 'Vallensbæk Strand'),
('2670', 'DK', 'Greve'),
('2680', 'DK', 'Solrød Strand'),
('2690', 'DK', 'Karlslunde'),
('2700', 'DK', 'Brønshøj'),
('2720', 'DK', 'Vanløse'),
('2730', 'DK', 'Herlev'),
('2740', 'DK', 'Skovlunde'),
('2750', 'DK', 'Ballerup'),
('2760', 'DK', 'Måløv'),
('2765', 'DK', 'Smørum'),
('2770', 'DK', 'Kastrup'),
('2791', 'DK', 'Dragør'),
('2800', 'DK', 'Kgs. Lyngby'),
('2820', 'DK', 'Gentofte'),
('2830', 'DK', 'Virum'),
('2840', 'DK', 'Holte'),
('2850', 'DK', 'Nærum'),
('2860', 'DK', 'Søborg'),
('2870', 'DK', 'Dyssegård'),
('2880', 'DK', 'Bagsværd'),
('2900', 'DK', 'Hellerup'),
('2920', 'DK', 'Charlottenlund'),
('2930', 'DK', 'Klampenborg'),
('2942', 'DK', 'Skodsborg'),
('2950', 'DK', 'Vedbæk'),
('2960', 'DK', 'Rungsted Kyst'),
('2970', 'DK', 'Hørsholm'),
('3220', 'DK', 'Tisvildeleje'),
('3230', 'DK', 'Græsted'),
('3250', 'DK', 'Gilleleje'),
('3300', 'DK', 'Frederiksværk'),
('3310', 'DK', 'Ølsted'),
('3320', 'DK', 'Skævinge'),
('3330', 'DK', 'Gørløse'),
('3360', 'DK', 'Liseleje'),
('3370', 'DK', 'Melby'),
('3390', 'DK', 'Hundested'),
('3400', 'DK', 'Hillerød'),
('3450', 'DK', 'Allerød'),
('3460', 'DK', 'Birkerød'),
('3480', 'DK', 'Fredensborg'),
('3490', 'DK', 'Kvistgård'),
('3500', 'DK', 'Værløse'),
('3520', 'DK', 'Farum'),
('3540', 'DK', 'Lynge'),
('3550', 'DK', 'Slangerup'),
('3600', 'DK', 'Frederikssund'),
('3630', 'DK', 'Jægerspris'),
('3650', 'DK', 'Ølstykke'),
('3660', 'DK', 'Stenløse'),
('3670', 'DK', 'Veksø Sjælland'),
('3700', 'DK', 'Rønne'),
('3720', 'DK', 'Aakirkeby'),
('3730', 'DK', 'Nexø'),
('3740', 'DK', 'Svaneke'),
('3751', 'DK', 'Østermarie'),
('3760', 'DK', 'Gudhjem'),
('3770', 'DK', 'Allinge'),
('3782', 'DK', 'Klemensker'),
('3790', 'DK', 'Hasle'),
('4000', 'DK', 'Roskilde'),
('4030', 'DK', 'Tune'),
('4040', 'DK', 'Jyllinge'),
('4050', 'DK', 'Skibby'),
('4270', 'DK', 'Høng'),
('4281', 'DK', 'Gørlev'),
('4291', 'DK', 'Ruds Vedby'),
('4293', 'DK', 'Dianalund'),
('4295', 'DK', 'Stenlille'),
('4296', 'DK', 'Nyrup'),
('4300', 'DK', 'Holbæk'),
('4320', 'DK', 'Lejre'),
('4330', 'DK', 'Hvalsø'),
('4340', 'DK', 'Tølløse'),
('4350', 'DK', 'Ugerløse'),
('4360', 'DK', 'Kirke Eskilstrup'),
('4370', 'DK', 'Store Merløse'),
('4390', 'DK', 'Vipperød'),
('4400', 'DK', 'Kalundborg'),
('4420', 'DK', 'Regstrup'),
('4440', 'DK', 'Mørkøv'),
('4450', 'DK', 'Jyderup'),
('4460', 'DK', 'Snertinge'),
('4470', 'DK', 'Svebølle'),
('4480', 'DK', 'Store Fuglede'),
('4490', 'DK', 'Jerslev Sjælland'),
('4500', 'DK', 'Nykøbing Sj'),
('4520', 'DK', 'Svinninge'),
('4532', 'DK', 'Gislinge'),
('4571', 'DK', 'Grevinge'),
('4572', 'DK', 'Nørre Asmindrup'),
('4573', 'DK', 'Højby'),
('4581', 'DK', 'Rørvig'),
('4583', 'DK', 'Sjællands Odde'),
('4591', 'DK', 'Føllenslev'),
('4592', 'DK', 'Sejerø'),
('4593', 'DK', 'Eskebjerg'),
('4600', 'DK', 'Køge'),
('4621', 'DK', 'Gadstrup'),
('4622', 'DK', 'Havdrup'),
('4623', 'DK', 'Lille Skensved'),
('4632', 'DK', 'Bjæverskov'),
('4640', 'DK', 'Faxe'),
('4652', 'DK', 'Hårlev'),
('4653', 'DK', 'Karise'),
('4654', 'DK', 'Faxe Ladeplads'),
('4660', 'DK', 'Store Heddinge'),
('4671', 'DK', 'Strøby'),
('4672', 'DK', 'Klippinge'),
('4673', 'DK', 'Rødvig Stevns'),
('4681', 'DK', 'Herfølge'),
('4682', 'DK', 'Tureby'),
('4683', 'DK', 'Rønnede'),
('4684', 'DK', 'Holmegaard'),
('4690', 'DK', 'Haslev'),
('4700', 'DK', 'Næstved'),
('4720', 'DK', 'Præstø'),
('4733', 'DK', 'Tappernøje'),
('4735', 'DK', 'Mern'),
('4736', 'DK', 'Karrebæksminde'),
('4750', 'DK', 'Lundby'),
('5450', 'DK', 'Otterup'),
('5462', 'DK', 'Morud'),
('5463', 'DK', 'Harndrup'),
('5464', 'DK', 'Brenderup Fyn'),
('5466', 'DK', 'Asperup'),
('5471', 'DK', 'Søndersø'),
('5474', 'DK', 'Veflinge'),
('5485', 'DK', 'Skamby'),
('5491', 'DK', 'Blommenslyst'),
('5492', 'DK', 'Vissenbjerg'),
('5500', 'DK', 'Middelfart'),
('5540', 'DK', 'Ullerslev'),
('5550', 'DK', 'Langeskov'),
('5560', 'DK', 'Aarup'),
('5580', 'DK', 'Nørre Aaby'),
('5591', 'DK', 'Gelsted'),
('5592', 'DK', 'Ejby'),
('5600', 'DK', 'Faaborg'),
('5610', 'DK', 'Assens'),
('5620', 'DK', 'Glamsbjerg'),
('5631', 'DK', 'Ebberup'),
('5642', 'DK', 'Millinge'),
('5750', 'DK', 'Ringe'),
('5762', 'DK', 'Vester Skerninge'),
('5771', 'DK', 'Stenstrup'),
('5772', 'DK', 'Kværndrup'),
('5792', 'DK', 'Årslev'),
('5800', 'DK', 'Nyborg'),
('5853', 'DK', 'Ørbæk'),
('5854', 'DK', 'Gislev'),
('5856', 'DK', 'Ryslinge'),
('5863', 'DK', 'Ferritslev Fyn'),
('5871', 'DK', 'Frørup'),
('5874', 'DK', 'Hesselager'),
('5881', 'DK', 'Skårup Fyn'),
('5882', 'DK', 'Vejstrup'),
('5883', 'DK', 'Oure'),
('5884', 'DK', 'Gudme'),
('5892', 'DK', 'Gudbjerg Sydfyn'),
('5900', 'DK', 'Rudkøbing'),
('5932', 'DK', 'Humble'),
('5935', 'DK', 'Bagenkop'),
('5953', 'DK', 'Tranekær'),
('5960', 'DK', 'Marstal'),
('5970', 'DK', 'Ærøskøbing'),
('5985', 'DK', 'Søby Ærø'),
('6000', 'DK', 'Kolding'),
('6040', 'DK', 'Egtved'),
('6051', 'DK', 'Almind'),
('6052', 'DK', 'Viuf'),
('6064', 'DK', 'Jordrup'),
('6070', 'DK', 'Christiansfeld'),
('6091', 'DK', 'Bjert'),
('6092', 'DK', 'Sønder Stenderup'),
('6093', 'DK', 'Sjølund'),
('6094', 'DK', 'Hejls'),
('6100', 'DK', 'Haderslev'),
('6200', 'DK', 'Aabenraa'),
('6230', 'DK', 'Rødekro'),
('6240', 'DK', 'Løgumkloster'),
('6261', 'DK', 'Bredebro'),
('6270', 'DK', 'Tønder'),
('6310', 'DK', 'Broager'),
('6320', 'DK', 'Egernsund'),
('6330', 'DK', 'Padborg'),
('6340', 'DK', 'Kruså'),
('6360', 'DK', 'Tinglev'),
('6372', 'DK', 'Bylderup-Bov'),
('6392', 'DK', 'Bolderslev'),
('6400', 'DK', 'Sønderborg'),
('6430', 'DK', 'Nordborg'),
('6440', 'DK', 'Augustenborg'),
('6470', 'DK', 'Sydals'),
('6500', 'DK', 'Vojens'),
('6510', 'DK', 'Gram'),
('6534', 'DK', 'Agerskov'),
('6535', 'DK', 'Branderup J'),
('6541', 'DK', 'Bevtoft'),
('6560', 'DK', 'Sommersted'),
('6580', 'DK', 'Vamdrup'),
('6600', 'DK', 'Vejen'),
('6621', 'DK', 'Gesten'),
('6622', 'DK', 'Bække'),
('6623', 'DK', 'Vorbasse'),
('6630', 'DK', 'Rødding'),
('6640', 'DK', 'Lunderskov'),
('6650', 'DK', 'Brørup'),
('6660', 'DK', 'Lintrup'),
('6670', 'DK', 'Holsted'),
('6682', 'DK', 'Hovborg'),
('6683', 'DK', 'Føvling'),
('6690', 'DK', 'Gørding'),
('6700', 'DK', 'Esbjerg'),
('6705', 'DK', 'Esbjerg Ø'),
('6710', 'DK', 'Esbjerg V'),
('6715', 'DK', 'Esbjerg N'),
('6720', 'DK', 'Fanø'),
('6731', 'DK', 'Tjæreborg'),
('6740', 'DK', 'Bramming'),
('6752', 'DK', 'Glejbjerg'),
('6753', 'DK', 'Agerbæk'),
('6800', 'DK', 'Varde'),
('6818', 'DK', 'Årre'),
('6823', 'DK', 'Ansager'),
('6830', 'DK', 'Nørre Nebel'),
('6840', 'DK', 'Oksbøl'),
('6851', 'DK', 'Janderup Vestj'),
('6852', 'DK', 'Billum'),
('6853', 'DK', 'Vejers Strand'),
('6854', 'DK', 'Henne'),
('6855', 'DK', 'Outrup'),
('6857', 'DK', 'Blåvand'),
('6862', 'DK', 'Tistrup'),
('6870', 'DK', 'Ølgod'),
('6880', 'DK', 'Tarm'),
('6893', 'DK', 'Hemmet'),
('6900', 'DK', 'Skjern'),
('6920', 'DK', 'Videbæk'),
('6933', 'DK', 'Kibæk'),
('6940', 'DK', 'Lem St'),
('6973', 'DK', 'Ørnhøj'),
('6980', 'DK', 'Tim'),
('6990', 'DK', 'Ulfborg'),
('7000', 'DK', 'Fredericia'),
('7080', 'DK', 'Børkop'),
('7100', 'DK', 'Vejle'),
('7120', 'DK', 'Vejle Øst'),
('7130', 'DK', 'Juelsminde'),
('7140', 'DK', 'Stouby'),
('7150', 'DK', 'Barrit'),
('7160', 'DK', 'Tørring'),
('7171', 'DK', 'Uldum'),
('7173', 'DK', 'Vonge'),
('7182', 'DK', 'Bredsten'),
('7183', 'DK', 'Randbøl'),
('7184', 'DK', 'Vandel'),
('7190', 'DK', 'Billund'),
('7200', 'DK', 'Grindsted'),
('7250', 'DK', 'Hejnsvig'),
('7260', 'DK', 'Sønder Omme'),
('7270', 'DK', 'Stakroge'),
('7280', 'DK', 'Sønder Felding'),
('7300', 'DK', 'Jelling'),
('7321', 'DK', 'Gadbjerg'),
('7323', 'DK', 'Give'),
('7330', 'DK', 'Brande'),
('7361', 'DK', 'Ejstrupholm'),
('7362', 'DK', 'Hampen'),
('7400', 'DK', 'Herning'),
('7430', 'DK', 'Ikast'),
('7441', 'DK', 'Bording'),
('7442', 'DK', 'Engesvang'),
('7480', 'DK', 'Vildbjerg'),
('7490', 'DK', 'Aulum'),
('7500', 'DK', 'Holstebro'),
('7540', 'DK', 'Haderup'),
('7550', 'DK', 'Sørvad'),
('7560', 'DK', 'Hjerm'),
('7570', 'DK', 'Vemb'),
('7600', 'DK', 'Struer'),
('7620', 'DK', 'Lemvig'),
('7650', 'DK', 'Bøvlingbjerg'),
('7660', 'DK', 'Bækmarksbro'),
('7673', 'DK', 'Harboøre'),
('7680', 'DK', 'Thyborøn'),
('7700', 'DK', 'Thisted'),
('7730', 'DK', 'Hanstholm'),
('7741', 'DK', 'Frøstrup'),
('7742', 'DK', 'Vesløs'),
('7752', 'DK', 'Snedsted'),
('7755', 'DK', 'Bedsted Thy'),
('7760', 'DK', 'Hurup Thy'),
('7770', 'DK', 'Vestervig'),
('7790', 'DK', 'Thyholm'),
('7800', 'DK', 'Skive'),
('7830', 'DK', 'Vinderup'),
('7840', 'DK', 'Højslev'),
('7850', 'DK', 'Stoholm Jyll'),
('7860', 'DK', 'Spøttrup'),
('7870', 'DK', 'Roslev'),
('7884', 'DK', 'Fur'),
('7900', 'DK', 'Nykøbing M'),
('8200', 'DK', 'Aarhus N'),
('8210', 'DK', 'Aarhus V'),
('8220', 'DK', 'Brabrand'),
('8230', 'DK', 'Åbyhøj'),
('8240', 'DK', 'Risskov'),
('8250', 'DK', 'Egå'),
('8260', 'DK', 'Viby J'),
('8270', 'DK', 'Højbjerg'),
('8300', 'DK', 'Odder'),
('8305', 'DK', 'Samsø'),
('8310', 'DK', 'Tranbjerg J'),
('8320', 'DK', 'Mårslet'),
('8330', 'DK', 'Beder'),
('8340', 'DK', 'Malling'),
('8350', 'DK', 'Hundslund'),
('8355', 'DK', 'Solbjerg'),
('8361', 'DK', 'Hasselager'),
('8362', 'DK', 'Hørning'),
('8370', 'DK', 'Hadsten'),
('8380', 'DK', 'Trige'),
('8381', 'DK', 'Tilst'),
('8382', 'DK', 'Hinnerup'),
('8410', 'DK', 'Rønde'),
('8420', 'DK', 'Knebel'),
('8444', 'DK', 'Balle'),
('8450', 'DK', 'Hammel'),
('8462', 'DK', 'Harlev J'),
('8464', 'DK', 'Galten'),
('8471', 'DK', 'Sabro'),
('8472', 'DK', 'Sporup'),
('8500', 'DK', 'Grenaa'),
('8520', 'DK', 'Lystrup'),
('8530', 'DK', 'Hjortshøj'),
('8541', 'DK', 'Skødstrup'),
('8543', 'DK', 'Hornslet'),
('8544', 'DK', 'Mørke'),
('8550', 'DK', 'Ryomgård'),
('8560', 'DK', 'Kolind'),
('8570', 'DK', 'Trustrup'),
('8581', 'DK', 'Nimtofte'),
('8585', 'DK', 'Glesborg'),
('8600', 'DK', 'Silkeborg'),
('8620', 'DK', 'Kjellerup'),
('8632', 'DK', 'Lemming'),
('8641', 'DK', 'Sorring'),
('8643', 'DK', 'Ans By'),
('8653', 'DK', 'Them'),
('8654', 'DK', 'Bryrup'),
('8660', 'DK', 'Skanderborg'),
('8670', 'DK', 'Låsby'),
('8680', 'DK', 'Ry'),
('8700', 'DK', 'Horsens'),
('8721', 'DK', 'Daugård'),
('8722', 'DK', 'Hedensted'),
('8723', 'DK', 'Løsning'),
('8732', 'DK', 'Hovedgård'),
('8740', 'DK', 'Brædstrup'),
('8751', 'DK', 'Gedved'),
('8752', 'DK', 'Østbirk'),
('8762', 'DK', 'Flemming'),
('8763', 'DK', 'Rask Mølle'),
('8765', 'DK', 'Klovborg'),
('8766', 'DK', 'Nørre Snede'),
('8781', 'DK', 'Stenderup'),
('8783', 'DK', 'Hornsyld'),
('8800', 'DK', 'Viborg'),
('8830', 'DK', 'Tjele'),
('8831', 'DK', 'Løgstrup'),
('8832', 'DK', 'Skals'),
('8840', 'DK', 'Rødkærsbro'),
('8850', 'DK', 'Bjerringbro'),
('8860', 'DK', 'Ulstrup'),
('8882', 'DK', 'Fårvang'),
('8883', 'DK', 'Gjern'),
('8900', 'DK', 'Randers C'),
('8920', 'DK', 'Randers NV'),
('8930', 'DK', 'Randers NØ'),
('8940', 'DK', 'Randers SV'),
('8950', 'DK', 'Ørsted'),
('8960', 'DK', 'Randers SØ'),
('8961', 'DK', 'Allingåbro'),
('8963', 'DK', 'Auning'),
('8970', 'DK', 'Havndal'),
('8981', 'DK', 'Spentrup'),
('8983', 'DK', 'Gjerlev J'),
('8990', 'DK', 'Fårup'),
('9200', 'DK', 'Aalborg SV'),
('9210', 'DK', 'Aalborg SØ'),
('9240', 'DK', 'Nibe'),
('9260', 'DK', 'Gistrup'),
('9280', 'DK', 'Storvorde'),
('9293', 'DK', 'Kongerslev'),
('9300', 'DK', 'Sæby'),
('9310', 'DK', 'Vodskov'),
('9320', 'DK', 'Hjallerup'),
('9330', 'DK', 'Dronninglund'),
('9340', 'DK', 'Asaa'),
('9352', 'DK', 'Dybvad'),
('9381', 'DK', 'Sulsted'),
('9382', 'DK', 'Tylstrup'),
('9400', 'DK', 'Nørresundby'),
('9430', 'DK', 'Vadum'),
('9460', 'DK', 'Brovst'),
('9480', 'DK', 'Løkken'),
('9490', 'DK', 'Pandrup'),
('9492', 'DK', 'Blokhus'),
('9493', 'DK', 'Saltum'),
('9500', 'DK', 'Hobro'),
('9510', 'DK', 'Arden'),
('9520', 'DK', 'Skørping'),
('9530', 'DK', 'Støvring'),
('9541', 'DK', 'Suldrup'),
('9550', 'DK', 'Mariager'),
('9560', 'DK', 'Hadsund'),
('9574', 'DK', 'Bælum'),
('9575', 'DK', 'Terndrup'),
('9600', 'DK', 'Aars'),
('9610', 'DK', 'Nørager'),
('9620', 'DK', 'Aalestrup'),
('9631', 'DK', 'Gedsted'),
('9632', 'DK', 'Møldrup'),
('9640', 'DK', 'Farsø'),
('9670', 'DK', 'Løgstør'),
('9681', 'DK', 'Ranum'),
('9690', 'DK', 'Fjerritslev'),
('9800', 'DK', 'Hjørring'),
('9830', 'DK', 'Tårs'),
('9850', 'DK', 'Hirtshals'),
('9870', 'DK', 'Sindal'),
('9881', 'DK', 'Bindslev'),
('9900', 'DK', 'Frederikshavn'),
('9940', 'DK', 'Læsø'),
('9970', 'DK', 'Strandby'),
('9981', 'DK', 'Jerup'),
('9982', 'DK', 'Ålbæk'),
('9990', 'DK', 'Skagen');

INSERT INTO Person VALUES 
('1234567890', 'Samuel', 'Vrodzony', 03-15-1999, 'M', NULL, '+455014807', 'Vesterbro', '77', '9000', 'DK', 'Denmark'),
('1098765432', 'Marek', 'Hedenga', 07-12-1973, 'M', NULL, '+4572863809', 'Nordstjernevej', '8', '9440', 'DK', 'Denmark'),
('4564103131', 'Marie', 'Kondo', 02-02-1988, 'F', 'publishing@konmari.com', '+4572123109', 'Fyrkildevej', '12', '9220', 'DK', 'Denmark'),
('1451684849', 'Marek', 'Strucka', 11-05-1995, 'M', 'marekstrucka@ucn.dk', '+4550104040', 'Sebbersundvej', '19', '9220', 'DK', 'Denmark'),
('4584894186', 'Mette', 'Fredriksen', 10-11-1977, 'F', NULL, '+4542042069', 'Sallingsundvej', '25', '9220', 'DK', 'Denmark'),
('8948714541', 'Charlotte', 'De Witte', 11-07-1992, 'F', NULL, '+4521214242', 'Humlebakken', '5', '9220', 'DK', 'Denmark'),
('1122659715', 'Jesper', 'Jespersen', 12-10-1981, 'M', 'jesp.jesp@gmail.com', '+4513411341', 'Aggersundvej', '1', '9220', 'DK', 'Denmark');

INSERT INTO Employee VALUES
('1234567890', '1441', '12345678', 4256.7),
('1098765432', '4658', '89748949', 6421.3),
('4564103131', '8947', '41584846', 9500.0);


INSERT INTO Client VALUES
('45678932', 'Argo Pro', 'pro@agro.dk', '+4567328192', 'Tranumvej', '130', '9440', 'DK', 'Denmark', 04-08-2020, 04-08-2025),
('54154618', 'Nordjylland Majeri', 'nj@majeri.dk', '+4587878787', 'Blåkildevej', '58', '9220', 'DK', 'Denmark', 02-02-2020, 02-02-2025),
('74879488', 'Berries inc.', 'berries@leaves.dk', '+4512457898', 'Rørdalsvej', '44', '9220', 'DK', 'Denmark', 11-06-2020, 11-06-2025);

INSERT INTO WorkSite VALUES
('Schulstad Aalborg', 'Wheat fields', 'Jyllandsgade', '11', '9000', 'DK', 'Denmark', 'Collecting wheat', 2000, '45678932'),
('Oko Milk Farm', 'cow farm', 'Danmarksgade', '24', '9000', 'DK', 'Denmark', 'Milking cows', 1600, '54154618'),
('Hillside Farm', 'berry farm', 'Budumvej', '23', '9220', 'DK', 'Denmark', 'picking rasperries', 1440, '74879488'),
('Anders Strawberry Farm', 'berry farm', 'Vyborg', '12A', '1050', 'DK', 'Denmark', 'picking strawberries', 1500, '74879488');

INSERT INTO Produce VALUES
('Carrots'),
('Raddish'),
('Tomatoes'),
('Cucumbers'),
('Potatoes'),
('Milk'),
('Strawberries'),
('Raspberries'),
('Spinach'),
('Wheat'),
('Romain Lettuce'),
('Beef');

INSERT INTO WorkSiteProduce VALUES
(1, 'Wheat'),
(2, 'Milk'),
(2, 'Beef'),
(3, 'Strawberries'),
(3, 'Raspberries'),
(4, 'Strawberries');

INSERT INTO SeasonalWorker VALUES
('1451684849', 'RO6578129', 'CTBAAU2S', '61341234611', '12312093781230971231', 0, NULL, 3),
('4584894186', 'PL1231784', 'CTTAPL45', '43453462452', '12312093781230971232', 0, '1451684849', 2),
('8948714541', 'LT1237812', 'ASXARO21', '34614225232', '12312093781230971233', 1, '1451684849', 3),
('1122659715', 'SK6571231', 'AQQRLT91', '99161728446', '12312093781230971234', 1, '1451684849', 3);

INSERT INTO WorkType VALUES
('Collecting wheat','Tonnes of wheat', 'Hourly', 130, 1),
('Acquiring milk','Milk in liters', 'Quantity', 50, 2),
('Collecting strawberries','Strawberries in kg', 'Quantity', 100, 3),
('Collecting raspberries','Raspberries in kg', 'Quantity', 70, 3),
('Supervising workers', 'Team Lead', 'Hourly', 160, 3);

INSERT INTO WorkTask VALUES
(8, 34, '05/07/2020 09:00:00', '05/07/2020 17:00:00', 'PENDING', 3, '1451684849'),
(4, 18, '05/07/2020 05:00:00', '05/07/2020 09:00:00', 'FINISHED', 2, '4584894186'),
(4, 20, '05/08/2020 05:00:00', '05/08/2020 09:00:00', 'FINISHED', 2, '4584894186'),
(7, 5, '05/03/2020 08:00:00', '05/03/2020 15:00:00', 'FINISHED', 3, '8948714541'),
(7, 20, '05/03/2020 08:00:00', '05/03/2020 15:00:00', 'FINISHED', 3, '1122659715'),
(8, 8, '05/03/2020 09:00:00', '05/07/2020 17:00:00', 'FINISHED', 3, '1451684849');